commodity,year,expenditure,sales,profit, duration,soil type,season
PADDY,2002,460.86,530,0.15,120,alluvium,kharif
PADDY,2003,499.99,550,0.1,120,alluvium,kharif
PADDY,2004,430.76,560,0.3,120,alluvium,kharif
PADDY,2005,495.65,570,0.15,120,alluvium,kharif
PADDY,2006,504.34,580,0.15,120,alluvium,kharif
PADDY,2007,477.77,645,0.35,120,alluvium,kharif
PADDY,2008,739.13,850,0.15,120,alluvium,kharif
PADDY,2009,816.66,980,0.2,120,alluvium,kharif
PADDY,2010,895.6,1030,0.15,120,alluvium,kharif
PADDY,2011,888,1110,0.25,120,alluvium,kharif
PADDY,2012,948.14,1280,0.35,120,alluvium,kharif
PADDY,2013,1169.56,1345,0.15,120,alluvium,kharif
PADDY,2014,1272.72,1400,0.1,120,alluvium,kharif
PADDY,2015,1272.72,1400,0.1,120,alluvium,kharif
PADDY,2016,1161.53,1510,0.3,120,alluvium,kharif
PADDY,2017,1382.6,1590,0.15,120,alluvium,kharif
PADDY,2018,1474.99,1770,0.2,120,alluvium,kharif
PADDY,2019,1265.5,1835,0.45,120,alluvium,kharif
PADDY,2002,460.86,530,0.15,120,red yellow,kharif
PADDY,2003,499.99,550,0.1,120,red yellow,kharif
PADDY,2004,430.76,560,0.3,120,red yellow,kharif
PADDY,2005,495.65,570,0.15,120,red yellow,kharif
PADDY,2006,504.34,580,0.15,120,red yellow,kharif
PADDY,2007,477.77,645,0.35,120,red yellow,kharif
PADDY,2008,739.13,850,0.15,120,red yellow,kharif
PADDY,2009,816.66,980,0.2,120,red yellow,kharif
PADDY,2010,895.6,1030,0.15,120,red yellow,kharif
PADDY,2011,888,1110,0.25,120,red yellow,kharif
PADDY,2012,948.14,1280,0.35,120,red yellow,kharif
PADDY,2013,1169.56,1345,0.15,120,red yellow,kharif
PADDY,2014,1272.72,1400,0.1,120,red yellow,kharif
PADDY,2015,1272.72,1400,0.1,120,red yellow,kharif
PADDY,2016,1161.53,1510,0.3,120,red yellow,kharif
PADDY,2017,1382.6,1590,0.15,120,red yellow,kharif
PADDY,2018,1474.99,1770,0.2,120,red yellow,kharif
PADDY,2019,1265.5,1835,0.45,120,red yellow,kharif
PADDY,2002,460.86,530,0.15,120,red loamy,kharif
PADDY,2003,499.99,550,0.1,120,red loamy,kharif
PADDY,2004,430.76,560,0.3,120,red loamy,kharif
PADDY,2005,495.65,570,0.15,120,red loamy,kharif
PADDY,2006,504.34,580,0.15,120,red loamy,kharif
PADDY,2007,477.77,645,0.35,120,red loamy,kharif
PADDY,2008,739.13,850,0.15,120,red loamy,kharif
PADDY,2009,816.66,980,0.2,120,red loamy,kharif
PADDY,2010,895.6,1030,0.15,120,red loamy,kharif
PADDY,2011,888,1110,0.25,120,red loamy,kharif
PADDY,2012,948.14,1280,0.35,120,red loamy,kharif
PADDY,2013,1169.56,1345,0.15,120,red loamy,kharif
PADDY,2014,1272.72,1400,0.1,120,red loamy,kharif
PADDY,2015,1272.72,1400,0.1,120,red loamy,kharif
PADDY,2016,1161.53,1510,0.3,120,red loamy,kharif
PADDY,2017,1382.6,1590,0.15,120,red loamy,kharif
PADDY,2018,1474.99,1770,0.2,120,red loamy,kharif
PADDY,2019,1265.5,1835,0.45,120,red loamy,kharif
PADDY,2002,460.86,530,0.15,120,red sandy,kharif
PADDY,2003,499.99,550,0.1,120,red sandy,kharif
PADDY,2004,430.76,560,0.3,120,red sandy,kharif
PADDY,2005,495.65,570,0.15,120,red sandy,kharif
PADDY,2006,504.34,580,0.15,120,red sandy,kharif
PADDY,2007,477.77,645,0.35,120,red sandy,kharif
PADDY,2008,739.13,850,0.15,120,red sandy,kharif
PADDY,2009,816.66,980,0.2,120,red sandy,kharif
PADDY,2010,895.6,1030,0.15,120,red sandy,kharif
PADDY,2011,888,1110,0.25,120,red sandy,kharif
PADDY,2012,948.14,1280,0.35,120,red sandy,kharif
PADDY,2013,1169.56,1345,0.15,120,red sandy,kharif
PADDY,2014,1272.72,1400,0.1,120,red sandy,kharif
PADDY,2015,1272.72,1400,0.1,120,red sandy,kharif
PADDY,2016,1161.53,1510,0.3,120,red sandy,kharif
PADDY,2017,1382.6,1590,0.15,120,red sandy,kharif
PADDY,2018,1474.99,1770,0.2,120,red sandy,kharif
PADDY,2019,1265.5,1835,0.45,120,red sandy,kharif
JOWAR,2002,440.9,485,0.1,70,loamy,kharif
JOWAR,2003,631.25,505,-0.2,70,loamy,kharif
JOWAR,2004,572.22,515,-0.1,70,loamy,kharif
JOWAR,2005,477.27,525,0.1,70,loamy,kharif
JOWAR,2006,514.28,540,0.05,70,loamy,kharif
JOWAR,2007,571.42,600,0.05,70,loamy,kharif
JOWAR,2008,884.21,840,-0.05,70,loamy,kharif
JOWAR,2009,781.81,860,0.1,70,loamy,kharif
JOWAR,2010,782.6,900,0.15,70,loamy,kharif
JOWAR,2011,909.09,1000,0.1,70,loamy,kharif
JOWAR,2012,1447.61,1520,0.05,70,loamy,kharif
JOWAR,2013,1447.6,1520,0.05,70,loamy,kharif
JOWAR,2014,1347.82,1550,0.15,70,loamy,kharif
JOWAR,2015,1766.66,1590,-0.1,70,loamy,kharif
JOWAR,2016,2199.99,1650,-0.25,70,loamy,kharif
JOWAR,2017,2156.25,1725,-0.2,70,loamy,kharif
JOWAR,2018,27.22,2450,-0.1,70,loamy,kharif
JOWAR,2019,3212.5,2570,-0.2,70,loamy,kharif
JOWAR,2002,440.9,485,0.1,70,sandy,kharif
JOWAR,2003,631.25,505,-0.2,70,sandy,kharif
JOWAR,2004,572.22,515,-0.1,70,sandy,kharif
JOWAR,2005,477.27,525,0.1,70,sandy,kharif
JOWAR,2006,514.28,540,0.05,70,sandy,kharif
JOWAR,2007,571.42,600,0.05,70,sandy,kharif
JOWAR,2008,884.21,840,-0.05,70,sandy,kharif
JOWAR,2009,781.81,860,0.1,70,sandy,kharif
JOWAR,2010,782.6,900,0.15,70,sandy,kharif
JOWAR,2011,909.09,1000,0.1,70,sandy,kharif
JOWAR,2012,1447.61,1520,0.05,70,sandy,kharif
JOWAR,2013,1447.6,1520,0.05,70,sandy,kharif
JOWAR,2014,1347.82,1550,0.15,70,sandy,kharif
JOWAR,2015,1766.66,1590,-0.1,70,sandy,kharif
JOWAR,2016,2199.99,1650,-0.25,70,sandy,kharif
JOWAR,2017,2156.25,1725,-0.2,70,sandy,kharif
JOWAR,2018,27.22,2450,-0.1,70,sandy,kharif
JOWAR,2019,3212.5,2570,-0.2,70,sandy,kharif
BAJRA,2002,692.85,485,-0.3,100,red,kharif
BAJRA,2003,388.46,505,0.3,100,red,kharif
BAJRA,2004,429.16,515,0.2,100,red,kharif
BAJRA,2005,437.49,525,0.2,100,red,kharif
BAJRA,2006,415.38,540,0.3,100,red,kharif
BAJRA,2007,480,600,0.2,100,red,kharif
BAJRA,2008,730.43,840,0.15,100,red,kharif
BAJRA,2009,646.15,840,0.3,100,red,kharif
BAJRA,2010,799.99,880,0.1,100,red,kharif
BAJRA,2011,1088.88,980,-0.1,100,red,kharif
BAJRA,2012,1236.84,1175,-0.05,100,red,kharif
BAJRA,2013,1541.17,1310,-0.15,100,red,kharif
BAJRA,2014,1746.66,1310,-0.25,100,red,kharif
BAJRA,2015,1394.73,1325,-0.05,100,red,kharif
BAJRA,2016,2274.99,1365,-0.4,100,red,kharif
BAJRA,2017,1017.85,1425,-0.6,100,red,kharif
BAJRA,2018,3400,1700,-0.5,100,red,kharif
BAJRA,2019,2200,1760,-0.2,100,red,kharif
MAIZE,2002,404.16,485,0.2,100,loamy,kharif
MAIZE,2003,420.83,505,0.2,100,loamy,kharif
MAIZE,2004,403.84,525,0.3,100,loamy,kharif
MAIZE,2005,399.99,540,0.35,100,loamy,kharif
MAIZE,2006,449.99,540,0.2,100,loamy,kharif
MAIZE,2007,442.85,620,0.4,100,loamy,kharif
MAIZE,2008,559.99,840,0.5,100,loamy,kharif
MAIZE,2009,677.77,915,0.35,100,loamy,kharif
MAIZE,2010,839.13,965,0.15,100,loamy,kharif
MAIZE,2011,807.69,1050,0.3,100,loamy,kharif
MAIZE,2012,1250,1500,0.2,100,loamy,kharif
MAIZE,2013,1153.84,1500,0.3,100,loamy,kharif
MAIZE,2014,1347.82,1550,0.15,100,loamy,kharif
MAIZE,2015,1374.99,1650,0.2,100,loamy,kharif
MAIZE,2016,1568.18,1725,0.1,100,loamy,kharif
MAIZE,2017,1461.53,1900,0.3,100,loamy,kharif
MAIZE,2018,2069.2,2897,0.4,100,loamy,kharif
MAIZE,2019,2333.33,3150,0.35,100,loamy,kharif
MAIZE,2002,404.16,485,0.2,100,sandy,kharif
MAIZE,2003,420.83,505,0.2,100,sandy,kharif
MAIZE,2004,403.84,525,0.3,100,sandy,kharif
MAIZE,2005,399.99,540,0.35,100,sandy,kharif
MAIZE,2006,449.99,540,0.2,100,sandy,kharif
MAIZE,2007,442.85,620,0.4,100,sandy,kharif
MAIZE,2008,559.99,840,0.5,100,sandy,kharif
MAIZE,2009,677.77,915,0.35,100,sandy,kharif
MAIZE,2010,839.13,965,0.15,100,sandy,kharif
MAIZE,2011,807.69,1050,0.3,100,sandy,kharif
MAIZE,2012,1250,1500,0.2,100,sandy,kharif
MAIZE,2013,1153.84,1500,0.3,100,sandy,kharif
MAIZE,2014,1347.82,1550,0.15,100,sandy,kharif
MAIZE,2015,1374.99,1650,0.2,100,sandy,kharif
MAIZE,2016,1568.18,1725,0.1,100,sandy,kharif
MAIZE,2017,1461.53,1900,0.3,100,sandy,kharif
MAIZE,2018,2069.2,2897,0.4,100,sandy,kharif
MAIZE,2019,2333.33,3150,0.35,100,sandy,kharif
WHEAT,2002,442.85,620,0.4,165,loamy,rabi
WHEAT,2003,484.61,630,0.3,165,loamy,rabi
WHEAT,2004,474.07,640,0.35,165,loamy,rabi
WHEAT,2005,541.66,650,0.2,165,loamy,rabi
WHEAT,2006,787.09,750,0.25,165,loamy,rabi
WHEAT,2007,800,1000,0.25,165,loamy,rabi
WHEAT,2008,830.76,1080,0.3,165,loamy,rabi
WHEAT,2009,576.92,750,0.3,165,loamy,rabi
WHEAT,2010,557.14,780,0.4,165,loamy,rabi
WHEAT,2011,612.5,980,0.6,165,loamy,rabi
WHEAT,2012,1088.88,980,-0.1,165,loamy,rabi
WHEAT,2013,956.52,1100,0.15,165,loamy,rabi
WHEAT,2014,821.42,1150,0.4,165,loamy,rabi
WHEAT,2015,907.4,1225,0.35,165,loamy,rabi
WHEAT,2016,1060,1325,0.25,165,loamy,rabi
WHEAT,2017,1128,1410,0.25,165,loamy,rabi
WHEAT,2018,1199.99,1440,0.2,165,loamy,rabi
WHEAT,2019,1129.62,1525,0.35,165,loamy,rabi
BARLEY,2002,625,500,-0.2,70,sandy,rabi
BARLEY,2003,583.33,525,-0.1,70,sandy,rabi
BARLEY,2004,514.28,540,0.05,70,sandy,rabi
BARLEY,2005,499.99,550,0.1,70,sandy,rabi
BARLEY,2006,600,565,0.25,70,sandy,rabi
BARLEY,2007,541.66,650,0.2,70,sandy,rabi
BARLEY,2008,523.07,680,0.3,70,sandy,rabi
BARLEY,2009,1466.66,1760,0.2,70,sandy,rabi
BARLEY,2010,1999.99,2100,0.05,70,sandy,rabi
BARLEY,2011,4666.66,2800,-0.4,70,sandy,rabi
BARLEY,2012,3750,3000,-0.2,70,sandy,rabi
BARLEY,2013,2818.18,3100,0.1,70,sandy,rabi
BARLEY,2014,2645.83,3175,0.2,70,sandy,rabi
BARLEY,2015,2595.59,3500,0.35,70,sandy,rabi
BARLEY,2016,2962.96,4000,0.35,70,sandy,rabi
BARLEY,2017,3384.61,4400,0.3,70,sandy,rabi
BARLEY,2018,3553.84,4620,0.3,70,sandy,rabi
BARLEY,2019,3749.99,4875,0.3,70,sandy,rabi
WHEAT,2019,1129.62,1525,0.35,165,loamy,rabi
BARLEY,2002,625,500,-0.2,70,loamy,rabi
BARLEY,2003,583.33,525,-0.1,70,loamy,rabi
BARLEY,2004,514.28,540,0.05,70,loamy,rabi
BARLEY,2005,499.99,550,0.1,70,loamy,rabi
BARLEY,2006,600,565,0.25,70,loamy,rabi
BARLEY,2007,541.66,650,0.2,70,loamy,rabi
BARLEY,2008,523.07,680,0.3,70,loamy,rabi
BARLEY,2009,1466.66,1760,0.2,70,loamy,rabi
BARLEY,2010,1999.99,2100,0.05,70,loamy,rabi
BARLEY,2011,4666.66,2800,-0.4,70,loamy,rabi
BARLEY,2012,3750,3000,-0.2,70,loamy,rabi
BARLEY,2013,2818.18,3100,0.1,70,loamy,rabi
BARLEY,2014,2645.83,3175,0.2,70,loamy,rabi
BARLEY,2015,2595.59,3500,0.35,70,loamy,rabi
BARLEY,2016,2962.96,4000,0.35,70,loamy,rabi
BARLEY,2017,3384.61,4400,0.3,70,loamy,rabi
BARLEY,2018,3553.84,4620,0.3,70,loamy,rabi
BARLEY,2019,3749.99,4875,0.3,70,loamy,rabi
WHEAT,2019,1129.62,1525,0.35,165,black,rabi
BARLEY,2002,625,500,-0.2,70,black,rabi
BARLEY,2003,583.33,525,-0.1,70,black,rabi
BARLEY,2004,514.28,540,0.05,70,black,rabi
BARLEY,2005,499.99,550,0.1,70,black,rabi
BARLEY,2006,600,565,0.25,70,black,rabi
BARLEY,2007,541.66,650,0.2,70,black,rabi
BARLEY,2008,523.07,680,0.3,70,black,rabi
BARLEY,2009,1466.66,1760,0.2,70,black,rabi
BARLEY,2010,1999.99,2100,0.05,70,black,rabi
BARLEY,2011,4666.66,2800,-0.4,70,black,rabi
BARLEY,2012,3750,3000,-0.2,70,black,rabi
BARLEY,2013,2818.18,3100,0.1,70,black,rabi
BARLEY,2014,2645.83,3175,0.2,70,black,rabi
BARLEY,2015,2595.59,3500,0.35,70,black,rabi
BARLEY,2016,2962.96,4000,0.35,70,black,rabi
BARLEY,2017,3384.61,4400,0.3,70,black,rabi
BARLEY,2018,3553.84,4620,0.3,70,black,rabi
BARLEY,2019,3749.99,4875,0.3,70,black,rabi
GRAM,2002,976,1220,0.25,120,black,rabi
GRAM,2003,1076.92,1400,0.3,120,black,rabi
GRAM,2004,1017.85,1425,0.4,120,black,rabi
GRAM,2005,1062.96,1435,0.35,120,black,rabi
GRAM,2006,452,1445,0.45,120,black,rabi
GRAM,2007,1230.76,1600,0.3,120,black,rabi
GRAM,2008,1281.48,1730,0.35,120,black,rabi
GRAM,2009,1496,1870,0.25,120,black,rabi
GRAM,2010,1730.76,2250,0.3,120,black,rabi
GRAM,2011,2074.07,2800,0.35,120,black,rabi
GRAM,2012,1933.33,2900,0.5,120,black,rabi
GRAM,2013,2681.81,2950,0.1,120,black,rabi
GRAM,2014,2673.91,3075,0.15,120,black,rabi
GRAM,2015,2956.52,3400,0.15,120,black,rabi
GRAM,2016,3038.46,3950,0.3,120,black,rabi
GRAM,2017,3035.71,4250,0.4,120,black,rabi
GRAM,2018,3580,4475,0.25,120,black,rabi
GRAM,2019,3692,4800,0.3,120,black,rabi
GRAM,2002,976,1220,0.25,120,sandy,rabi
GRAM,2003,1076.92,1400,0.3,120,sandy,rabi
GRAM,2004,1017.85,1425,0.4,120,sandy,rabi
GRAM,2005,1062.96,1435,0.35,120,sandy,rabi
GRAM,2006,452,1445,0.45,120,sandy,rabi
GRAM,2007,1230.76,1600,0.3,120,sandy,rabi
GRAM,2008,1281.48,1730,0.35,120,sandy,rabi
GRAM,2009,1496,1870,0.25,120,sandy,rabi
GRAM,2010,1730.76,2250,0.3,120,sandy,rabi
GRAM,2011,2074.07,2800,0.35,120,sandy,rabi
GRAM,2012,1933.33,2900,0.5,120,sandy,rabi
GRAM,2013,2681.81,2950,0.1,120,sandy,rabi
GRAM,2014,2673.91,3075,0.15,120,sandy,rabi
GRAM,2015,2956.52,3400,0.15,120,sandy,rabi
GRAM,2016,3038.46,3950,0.3,120,sandy,rabi
GRAM,2017,3035.71,4250,0.4,120,sandy,rabi
GRAM,2018,3580,4475,0.25,120,sandy,rabi
GRAM,2019,3692,4800,0.3,120,sandy,rabi
GRAM,2002,976,1220,0.25,120,loamy,rabi
GRAM,2003,1076.92,1400,0.3,120,loamy,rabi
GRAM,2004,1017.85,1425,0.4,120,loamy,rabi
GRAM,2005,1062.96,1435,0.35,120,loamy,rabi
GRAM,2006,452,1445,0.45,120,loamy,rabi
GRAM,2007,1230.76,1600,0.3,120,loamy,rabi
GRAM,2008,1281.48,1730,0.35,120,loamy,rabi
GRAM,2009,1496,1870,0.25,120,loamy,rabi
GRAM,2010,1730.76,2250,0.3,120,loamy,rabi
GRAM,2011,2074.07,2800,0.35,120,loamy,rabi
GRAM,2012,1933.33,2900,0.5,120,loamy,rabi
GRAM,2013,2681.81,2950,0.1,120,loamy,rabi
GRAM,2014,2673.91,3075,0.15,120,loamy,rabi
GRAM,2015,2956.52,3400,0.15,120,loamy,rabi
GRAM,2016,3038.46,3950,0.3,120,loamy,rabi
GRAM,2017,3035.71,4250,0.4,120,loamy,rabi
GRAM,2018,3580,4475,0.25,120,loamy,rabi
GRAM,2019,3692,4800,0.3,120,loamy,rabi
MASUR,2002,825,1320,0.6,135,loamy,rabi
MASUR,2003,1071.42,1500,0.4,135,loamy,rabi
MASUR,2004,1089.28,1525,0.4,135,loamy,rabi
MASUR,2005,1137.03,1535,0.35,135,loamy,rabi
MASUR,2006,996.55,1645,0.7,135,loamy,rabi
MASUR,2007,1096.77,1700,0.55,135,loamy,rabi
MASUR,2008,1206.45,1870,0.55,135,loamy,rabi
MASUR,2009,1355.55,1830,0.35,135,loamy,rabi
MASUR,2010,1321.42,1850,0.4,135,loamy,rabi
MASUR,2011,2083.33,2500,0.2,135,loamy,rabi
MASUR,2012,2222.22,3000,0.35,135,loamy,rabi
MASUR,2013,2772.72,3050,0.1,135,loamy,rabi
MASUR,2014,2066.66,3100,0.5,135,loamy,rabi
MASUR,2015,2576.92,3350,0.3,135,loamy,rabi
MASUR,2016,2960,3700,0.25,135,loamy,rabi
MASUR,2017,3333.33,4000,0.2,135,loamy,rabi
MASUR,2018,3230.76,4200,0.3,135,loamy,rabi
MASUR,2019,3403.84,4425,0.3,135,loamy,rabi
MUSTARD,2002,1064,1330,0.25,95,loamy,rabi
MUSTARD,2003,1142.85,1600,0.4,95,loamy,rabi
MUSTARD,2004,1062.5,1700,0.6,95,loamy,rabi
MUSTARD,2005,1106.45,1715,0.55,95,loamy,rabi
MUSTARD,2006,967.64,1715,0.6,95,loamy,rabi
MUSTARD,2007,1285.7,1800,0.4,95,loamy,rabi
MUSTARD,2008,2033.33,1830,-0.1,95,loamy,rabi
MUSTARD,2009,3300,1650,-0.5,95,loamy,rabi
MUSTARD,2010,999.99,1800,0.8,95,loamy,rabi
MUSTARD,2011,1562.5,2500,0.6,95,loamy,rabi
MUSTARD,2012,1750,2800,0.6,95,loamy,rabi
MUSTARD,2013,1818.18,3000,0.65,95,loamy,rabi
MUSTARD,2014,1967.74,3050,0.55,95,loamy,rabi
MUSTARD,2015,2129.03,3300,0.55,95,loamy,rabi
MUSTARD,2016,2846.15,3700,0.3,95,loamy,rabi
MUSTARD,2017,3416.66,4100,0.2,95,loamy,rabi
MUSTARD,2018,3662.96,4945,0.35,95,loamy,rabi
MUSTARD,2019,3862.96,5215,0.35,95,loamy,rabi
MUSTARD,2002,1064,1330,0.25,95,alluvium,rabi
MUSTARD,2003,1142.85,1600,0.4,95,alluvium,rabi
MUSTARD,2004,1062.5,1700,0.6,95,alluvium,rabi
MUSTARD,2005,1106.45,1715,0.55,95,alluvium,rabi
MUSTARD,2006,967.64,1715,0.6,95,alluvium,rabi
MUSTARD,2007,1285.7,1800,0.4,95,alluvium,rabi
MUSTARD,2008,2033.33,1830,-0.1,95,alluvium,rabi
MUSTARD,2009,3300,1650,-0.5,95,alluvium,rabi
MUSTARD,2010,999.99,1800,0.8,95,alluvium,rabi
MUSTARD,2011,1562.5,2500,0.6,95,alluvium,rabi
MUSTARD,2012,1750,2800,0.6,95,alluvium,rabi
MUSTARD,2013,1818.18,3000,0.65,95,alluvium,rabi
MUSTARD,2014,1967.74,3050,0.55,95,alluvium,rabi
MUSTARD,2015,2129.03,3300,0.55,95,alluvium,rabi
MUSTARD,2016,2846.15,3700,0.3,95,alluvium,rabi
MUSTARD,2017,3416.66,4100,0.2,95,alluvium,rabi
MUSTARD,2018,3662.96,4945,0.35,95,alluvium,rabi
MUSTARD,2019,3862.96,5215,0.35,95,alluvium,rabi
SAFFLOWER,2002,1083.33,1300,0.2,42,red,rabi
SAFFLOWER,2003,1034.48,1500,0.45,42,red,rabi
SAFFLOWER,2004,1107.14,1550,0.4,42,red,rabi
SAFFLOWER,2005,1117.85,1565,0.4,42,red,rabi
SAFFLOWER,2006,1017.87,1565,0.6,42,red,rabi
SAFFLOWER,2007,1137.93,1650,0.45,42,red,rabi
SAFFLOWER,2008,1137.93,1650,0.45,42,red,rabi
SAFFLOWER,2009,1139.28,1735,0.4,42,red,rabi
SAFFLOWER,2010,1112.5,1780,0.6,42,red,rabi
SAFFLOWER,2011,1863.38,2425,0.3,42,red,rabi
SAFFLOWER,2012,2048.27,2970,0.45,42,red,rabi
SAFFLOWER,2013,2157.14,3020,0.4,42,red,rabi
SAFFLOWER,2014,2416,3020,0.25,42,red,rabi
SAFFLOWER,2015,2437.03,3290,0.35,42,red,rabi
SAFFLOWER,2016,2542.85,3560,0.4,42,red,rabi
SAFFLOWER,2017,3000,3900,0.3,42,red,rabi
SAFFLOWER,2018,3103.7,4190,0.35,42,red,rabi
SAFFLOWER,2019,2800,4060,0.45,42,red,rabi
SUGARCANE ,2002,48.27,70,0.45,520,alluvium,rabi
SUGARCANE ,2003,54.07,73,0.35,520,alluvium,rabi
SUGARCANE ,2004,57.69,75,0.3,520,alluvium,rabi
SUGARCANE ,2005,55.17,80,0.45,520,alluvium,rabi
SUGARCANE ,2006,55.86,81,0.45,520,alluvium,rabi
SUGARCANE ,2007,54.66,82,0.5,520,alluvium,rabi
SUGARCANE ,2008,52.96,82,0.55,520,alluvium,rabi
SUGARCANE ,2009,229.16,275,0.2,520,alluvium,rabi
SUGARCANE ,2010,92.74,139.12,0.5,520,alluvium,rabi
SUGARCANE ,2011,111.53,145,0.3,520,alluvium,rabi
SUGARCANE ,2012,130.76,170,0.3,520,alluvium,rabi
SUGARCANE ,2013,168,210,0.25,520,alluvium,rabi
SUGARCANE ,2014,146.66,220,0.5,520,alluvium,rabi
SUGARCANE ,2015,158.62,230,0.45,520,alluvium,rabi
SUGARCANE ,2016,164.28,230,0.4,520,alluvium,rabi
SUGARCANE ,2017,175.86,255,0.45,520,alluvium,rabi
SUGARCANE ,2018,211.53,275,0.3,520,alluvium,rabi
SUGARCANE ,2002,48.27,70,0.45,520,red yellow,rabi
SUGARCANE ,2003,54.07,73,0.35,520,red yellow,rabi
SUGARCANE ,2004,57.69,75,0.3,520,red yellow,rabi
SUGARCANE ,2005,55.17,80,0.45,520,red yellow,rabi
SUGARCANE ,2006,55.86,81,0.45,520,red yellow,rabi
SUGARCANE ,2007,54.66,82,0.5,520,red yellow,rabi
SUGARCANE ,2008,52.96,82,0.55,520,red yellow,rabi
SUGARCANE ,2009,229.16,275,0.2,520,red yellow,rabi
SUGARCANE ,2010,92.74,139.12,0.5,520,red yellow,rabi
SUGARCANE ,2011,111.53,145,0.3,520,red yellow,rabi
SUGARCANE ,2012,130.76,170,0.3,520,red yellow,rabi
SUGARCANE ,2013,168,210,0.25,520,red yellow,rabi
SUGARCANE ,2014,146.66,220,0.5,520,red yellow,rabi
SUGARCANE ,2015,158.62,230,0.45,520,red yellow,rabi
SUGARCANE ,2016,164.28,230,0.4,520,red yellow,rabi
SUGARCANE ,2017,175.86,255,0.45,520,red yellow,rabi
SUGARCANE ,2018,211.53,275,0.3,520,red yellow,rabi
SUGARCANE ,2002,48.27,70,0.45,520,red loamy,rabi
SUGARCANE ,2003,54.07,73,0.35,520,red loamy,rabi
SUGARCANE ,2004,57.69,75,0.3,520,red loamy,rabi
SUGARCANE ,2005,55.17,80,0.45,520,red loamy,rabi
SUGARCANE ,2006,55.86,81,0.45,520,red loamy,rabi
SUGARCANE ,2007,54.66,82,0.5,520,red loamy,rabi
SUGARCANE ,2008,52.96,82,0.55,520,red loamy,rabi
SUGARCANE ,2009,229.16,275,0.2,520,red loamy,rabi
SUGARCANE ,2010,92.74,139.12,0.5,520,red loamy,rabi
SUGARCANE ,2011,111.53,145,0.3,520,red loamy,rabi
SUGARCANE ,2012,130.76,170,0.3,520,red loamy,rabi
SUGARCANE ,2013,168,210,0.25,520,red loamy,rabi
SUGARCANE ,2014,146.66,220,0.5,520,red loamy,rabi
SUGARCANE ,2015,158.62,230,0.45,520,red loamy,rabi
SUGARCANE ,2016,164.28,230,0.4,520,red loamy,rabi
SUGARCANE ,2017,175.86,255,0.45,520,red loamy,rabi
SUGARCANE ,2018,211.53,275,0.3,520,red loamy,rabi
SUGARCANE ,2002,48.27,70,0.45,520,red sandy,rabi
SUGARCANE ,2003,54.07,73,0.35,520,red sandy,rabi
SUGARCANE ,2004,57.69,75,0.3,520,red sandy,rabi
SUGARCANE ,2005,55.17,80,0.45,520,red sandy,rabi
SUGARCANE ,2006,55.86,81,0.45,520,red sandy,rabi
SUGARCANE ,2007,54.66,82,0.5,520,red sandy,rabi
SUGARCANE ,2008,52.96,82,0.55,520,red sandy,rabi
SUGARCANE ,2009,229.16,275,0.2,520,red sandy,rabi
SUGARCANE ,2010,92.74,139.12,0.5,520,red sandy,rabi
SUGARCANE ,2011,111.53,145,0.3,520,red sandy,rabi
SUGARCANE ,2012,130.76,170,0.3,520,red sandy,rabi
SUGARCANE ,2013,168,210,0.25,520,red sandy,rabi
SUGARCANE ,2014,146.66,220,0.5,520,red sandy,rabi
SUGARCANE ,2015,158.62,230,0.45,520,red sandy,rabi
SUGARCANE ,2016,164.28,230,0.4,520,red sandy,rabi
SUGARCANE ,2017,175.86,255,0.45,520,red sandy,rabi
SUGARCANE ,2018,211.53,275,0.3,520,red sandy,rabi
SUGARCANE ,2002,48.27,70,0.45,520,black,rabi
SUGARCANE ,2003,54.07,73,0.35,520,black,rabi
SUGARCANE ,2004,57.69,75,0.3,520,black,rabi
SUGARCANE ,2005,55.17,80,0.45,520,black,rabi
SUGARCANE ,2006,55.86,81,0.45,520,black,rabi
SUGARCANE ,2007,54.66,82,0.5,520,black,rabi
SUGARCANE ,2008,52.96,82,0.55,520,black,rabi
SUGARCANE ,2009,229.16,275,0.2,520,black,rabi
SUGARCANE ,2010,92.74,139.12,0.5,520,black,rabi
SUGARCANE ,2011,111.53,145,0.3,520,black,rabi
SUGARCANE ,2012,130.76,170,0.3,520,black,rabi
SUGARCANE ,2013,168,210,0.25,520,black,rabi
SUGARCANE ,2014,146.66,220,0.5,520,black,rabi
SUGARCANE ,2015,158.62,230,0.45,520,black,rabi
SUGARCANE ,2016,164.28,230,0.4,520,black,rabi
SUGARCANE ,2017,175.86,255,0.45,520,black,rabi
SUGARCANE ,2018,211.53,275,0.3,520,black,rabi
RAGI,2002,373.07,485,0.3,120,loamy,kharif
RAGI,2003,360.71,505,0.4,120,loamy,kharif
RAGI,2004,343.33,515,0.5,120,loamy,kharif
RAGI,2005,362.06,525,0.45,120,loamy,kharif
RAGI,2006,359.99,540,0.5,120,loamy,kharif
RAGI,2007,457.14,640,0.4,120,loamy,kharif
RAGI,2008,571.87,915,0.6,120,loamy,kharif
RAGI,2009,1533.33,2300,0.5,120,loamy,kharif
RAGI,2010,1764.7,3000,0.7,120,loamy,kharif
RAGI,2011,2285.71,3200,0.4,120,loamy,kharif
RAGI,2012,2566.66,3850,0.5,120,loamy,kharif
RAGI,2013,2965.51,4300,0.45,120,loamy,kharif
RAGI,2014,3107.14,4350,0.4,120,loamy,kharif
RAGI,2015,2890.62,4625,0.6,120,loamy,kharif
RAGI,2016,2970.58,5050,0.7,120,loamy,kharif
RAGI,2017,3303.03,5450,0.65,120,loamy,kharif
RAGI,2018,3546.87,5675,0.6,120,loamy,kharif
RAGI,2019,3741.93,5800,0.55,120,loamy,kharif
ARHAR,2002,825,1320,0.6,280,alluvium,kharif
ARHAR,2003,906.66,1360,0.5,280,alluvium,kharif
ARHAR,2004,958.62,1390,0.45,280,alluvium,kharif
ARHAR,2005,875,1400,0.6,280,alluvium,kharif
ARHAR,2006,881.25,1410,0.6,280,alluvium,kharif
ARHAR,2007,1068.96,1550,0.45,280,alluvium,kharif
ARHAR,2008,1538.46,2000,0.3,280,alluvium,kharif
ARHAR,2009,1903.44,2760,0.45,280,alluvium,kharif
ARHAR,2010,2186.2,3170,0.45,280,alluvium,kharif
ARHAR,2011,2333.33,3500,0.5,280,alluvium,kharif
ARHAR,2012,3034.48,4400,0.45,280,alluvium,kharif
ARHAR,2013,3461.53,4500,0.3,280,alluvium,kharif
ARHAR,2014,3066.66,4600,0.5,280,alluvium,kharif
ARHAR,2015,3129.03,4850,0.55,280,alluvium,kharif
ARHAR,2016,3370.96,5225,0.55,280,alluvium,kharif
ARHAR,2017,3378.78,5575,0.65,280,alluvium,kharif
ARHAR,2018,4102.94,6975,0.7,280,alluvium,kharif
ARHAR,2019,4862.06,7050,0.45,280,alluvium,kharif
MOONG,2002,1023.07,1330,0.3,75,loamy,kharif
MOONG,2003,1141.66,1370,0.2,75,loamy,kharif
MOONG,2004,1084.61,1410,0.3,75,loamy,kharif
MOONG,2005,1125.92,1520,0.35,75,loamy,kharif
MOONG,2006,1169.23,1520,0.3,75,loamy,kharif
MOONG,2007,1416.66,1700,0.2,75,loamy,kharif
MOONG,2008,2016,2520,0.25,75,loamy,kharif
MOONG,2009,2191.3,2520,0.15,75,loamy,kharif
MOONG,2010,2320,2900,0.25,75,loamy,kharif
MOONG,2011,2640,3300,0.25,75,loamy,kharif
MOONG,2012,3071.42,4300,0.4,75,loamy,kharif
MOONG,2013,3969.09,4300,0.1,75,loamy,kharif
MOONG,2014,3782.6,4350,0.15,75,loamy,kharif
MOONG,2015,3303.57,4625,0.4,75,loamy,kharif
MOONG,2016,4166.66,5000,0.2,75,loamy,kharif
MOONG,2017,4000,5400,0.35,75,loamy,kharif
MOONG,2018,4307.69,5600,0.3,75,loamy,kharif
MOONG,2019,3931.03,5700,0.45,75,loamy,kharif
MOONG,2002,1023.07,1330,0.3,75,sandy,kharif
MOONG,2003,1141.66,1370,0.2,75,sandy,kharif
MOONG,2004,1084.61,1410,0.3,75,sandy,kharif
MOONG,2005,1125.92,1520,0.35,75,sandy,kharif
MOONG,2006,1169.23,1520,0.3,75,sandy,kharif
MOONG,2007,1416.66,1700,0.2,75,sandy,kharif
MOONG,2008,2016,2520,0.25,75,sandy,kharif
MOONG,2009,2191.3,2520,0.15,75,sandy,kharif
MOONG,2010,2320,2900,0.25,75,sandy,kharif
MOONG,2011,2640,3300,0.25,75,sandy,kharif
MOONG,2012,3071.42,4300,0.4,75,sandy,kharif
MOONG,2013,3969.09,4300,0.1,75,sandy,kharif
MOONG,2014,3782.6,4350,0.15,75,sandy,kharif
MOONG,2015,3303.57,4625,0.4,75,sandy,kharif
MOONG,2016,4166.66,5000,0.2,75,sandy,kharif
MOONG,2017,4000,5400,0.35,75,sandy,kharif
MOONG,2018,4307.69,5600,0.3,75,sandy,kharif
MOONG,2019,3931.03,5700,0.45,75,sandy,kharif
URAD,2002,1064,1330,0.25,120,loamy,kharif
URAD,2003,1053.84,1370,0.3,120,loamy,kharif
URAD,2004,1128,1410,0.25,120,loamy,kharif
URAD,2005,1048.27,1520,0.45,120,loamy,kharif
URAD,2006,1125.92,1520,0.35,120,loamy,kharif
URAD,2007,1545.45,1700,0.1,120,loamy,kharif
URAD,2008,1866.6,2520,0.35,120,loamy,kharif
URAD,2009,2083.33,2500,0.2,120,loamy,kharif
URAD,2010,2083.33,2500,0.2,120,loamy,kharif
URAD,2011,2434.78,2800,0.15,120,loamy,kharif
URAD,2012,2880,3600,0.25,120,loamy,kharif
URAD,2013,3083.33,3700,0.2,120,loamy,kharif
URAD,2014,2777.77,3750,0.35,120,loamy,kharif
URAD,2015,2923.07,3800,0.3,120,loamy,kharif
URAD,2016,2757.14,3860,0.4,120,loamy,kharif
URAD,2017,2977.77,4020,0.35,120,loamy,kharif
URAD,2018,3551.72,5150,0.45,120,loamy,kharif
URAD,2019,3892.59,5255,0.35,120,loamy,kharif
URAD,2002,1064,1330,0.25,120,sandy,kharif
URAD,2003,1053.84,1370,0.3,120,sandy,kharif
URAD,2004,1128,1410,0.25,120,sandy,kharif
URAD,2005,1048.27,1520,0.45,120,sandy,kharif
URAD,2006,1125.92,1520,0.35,120,sandy,kharif
URAD,2007,1545.45,1700,0.1,120,sandy,kharif
URAD,2008,1866.6,2520,0.35,120,sandy,kharif
URAD,2009,2083.33,2500,0.2,120,sandy,kharif
URAD,2010,2083.33,2500,0.2,120,sandy,kharif
URAD,2011,2434.78,2800,0.15,120,sandy,kharif
URAD,2012,2880,3600,0.25,120,sandy,kharif
URAD,2013,3083.33,3700,0.2,120,sandy,kharif
URAD,2014,2777.77,3750,0.35,120,sandy,kharif
URAD,2015,2923.07,3800,0.3,120,sandy,kharif
URAD,2016,2757.14,3860,0.4,120,sandy,kharif
URAD,2017,2977.77,4020,0.35,120,sandy,kharif
URAD,2018,3551.72,5150,0.45,120,sandy,kharif
URAD,2019,3892.59,5255,0.35,120,sandy,kharif
COTTON,2002,985.29,1675,0.7,240,alluvium,kharif
COTTON,2003,1112.9,1725,0.55,240,alluvium,kharif
COTTON,2004,1213.79,1760,0.45,240,alluvium,kharif
COTTON,2005,1213.79,1760,0.45,240,alluvium,kharif
COTTON,2006,1179.99,1770,0.5,240,alluvium,kharif
COTTON,2007,1199.99,1800,0.5,240,alluvium,kharif
COTTON,2008,1612.9,2500,0.55,240,alluvium,kharif
COTTON,2009,2142.85,3000,0.4,240,alluvium,kharif
COTTON,2010,2222.22,3000,0.35,240,alluvium,kharif
COTTON,2011,1941.17,3300,0.7,240,alluvium,kharif
COTTON,2012,3545.45,3900,0.1,240,alluvium,kharif
COTTON,2013,3200,4000,0.25,240,alluvium,kharif
COTTON,2014,3240,4050,0.25,240,alluvium,kharif
COTTON,2015,3037.03,4100,0.35,240,alluvium,kharif
COTTON,2016,3199.99,4160,0.3,240,alluvium,kharif
COTTON,2017,3085.71,4320,0.4,240,alluvium,kharif
COTTON,2018,4541.66,5450,0.2,240,alluvium,kharif
COTTON,2019,3964.28,5550,0.4,240,alluvium,kharif
COTTON,2002,985.29,1675,0.7,240,sandy,kharif
COTTON,2003,1112.9,1725,0.55,240,sandy,kharif
COTTON,2004,1213.79,1760,0.45,240,sandy,kharif
COTTON,2005,1213.79,1760,0.45,240,sandy,kharif
COTTON,2006,1179.99,1770,0.5,240,sandy,kharif
COTTON,2007,1199.99,1800,0.5,240,sandy,kharif
COTTON,2008,1612.9,2500,0.55,240,sandy,kharif
COTTON,2009,2142.85,3000,0.4,240,sandy,kharif
COTTON,2010,2222.22,3000,0.35,240,sandy,kharif
COTTON,2011,1941.17,3300,0.7,240,sandy,kharif
COTTON,2012,3545.45,3900,0.1,240,sandy,kharif
COTTON,2013,3200,4000,0.25,240,sandy,kharif
COTTON,2014,3240,4050,0.25,240,sandy,kharif
COTTON,2015,3037.03,4100,0.35,240,sandy,kharif
COTTON,2016,3199.99,4160,0.3,240,sandy,kharif
COTTON,2017,3085.71,4320,0.4,240,sandy,kharif
COTTON,2018,4541.66,5450,0.2,240,sandy,kharif
COTTON,2019,3964.28,5550,0.4,240,sandy,kharif
COTTON,2002,985.29,1675,0.7,240,loamy,kharif
COTTON,2003,1112.9,1725,0.55,240,loamy,kharif
COTTON,2004,1213.79,1760,0.45,240,loamy,kharif
COTTON,2005,1213.79,1760,0.45,240,loamy,kharif
COTTON,2006,1179.99,1770,0.5,240,loamy,kharif
COTTON,2007,1199.99,1800,0.5,240,loamy,kharif
COTTON,2008,1612.9,2500,0.55,240,loamy,kharif
COTTON,2009,2142.85,3000,0.4,240,loamy,kharif
COTTON,2010,2222.22,3000,0.35,240,loamy,kharif
COTTON,2011,1941.17,3300,0.7,240,loamy,kharif
COTTON,2012,3545.45,3900,0.1,240,loamy,kharif
COTTON,2013,3200,4000,0.25,240,loamy,kharif
COTTON,2014,3240,4050,0.25,240,loamy,kharif
COTTON,2015,3037.03,4100,0.35,240,loamy,kharif
COTTON,2016,3199.99,4160,0.3,240,loamy,kharif
COTTON,2017,3085.71,4320,0.4,240,loamy,kharif
COTTON,2018,4541.66,5450,0.2,240,loamy,kharif
COTTON,2019,3964.28,5550,0.4,240,loamy,kharif
SUNFLOWER SEED,2002,956,1195,0.25,100,alluvium,kharif
SUNFLOWER SEED,2003,1136.36,1250,0.1,100,alluvium,kharif
SUNFLOWER SEED,2004,1116.66,1340,0.2,100,alluvium,kharif
SUNFLOWER SEED,2005,1304.34,1500,0.15,100,alluvium,kharif
SUNFLOWER SEED,2006,1249.99,1500,0.2,100,alluvium,kharif
SUNFLOWER SEED,2007,1313.04,1510,0.15,100,alluvium,kharif
SUNFLOWER SEED,2008,1582.14,2215,0.4,100,alluvium,kharif
SUNFLOWER SEED,2009,1227.27,1350,0.1,100,alluvium,kharif
SUNFLOWER SEED,2010,1217.39,1400,0.15,100,alluvium,kharif
SUNFLOWER SEED,2011,1269.23,1650,0.3,100,alluvium,kharif
SUNFLOWER SEED,2012,1760,2200,0.25,100,alluvium,kharif
SUNFLOWER SEED,2013,1785.71,2500,0.4,100,alluvium,kharif
SUNFLOWER SEED,2014,1923.07,2500,0.3,100,alluvium,kharif
SUNFLOWER SEED,2015,2000,2700,0.35,100,alluvium,kharif
SUNFLOWER SEED,2016,2165,3464,0.6,100,alluvium,kharif
SUNFLOWER SEED,2017,2541.66,3050,0.2,100,alluvium,kharif
SUNFLOWER SEED,2018,2719.2,3399,0.25,100,alluvium,kharif
SUNFLOWER SEED,2019,2968,3710,0.25,100,alluvium,kharif
SUNFLOWER SEED,2002,956,1195,0.25,100,red yellow,kharif
SUNFLOWER SEED,2003,1136.36,1250,0.1,100,red yellow,kharif
SUNFLOWER SEED,2004,1116.66,1340,0.2,100,red yellow,kharif
SUNFLOWER SEED,2005,1304.34,1500,0.15,100,red yellow,kharif
SUNFLOWER SEED,2006,1249.99,1500,0.2,100,red yellow,kharif
SUNFLOWER SEED,2007,1313.04,1510,0.15,100,red yellow,kharif
SUNFLOWER SEED,2008,1582.14,2215,0.4,100,red yellow,kharif
SUNFLOWER SEED,2009,1227.27,1350,0.1,100,red yellow,kharif
SUNFLOWER SEED,2010,1217.39,1400,0.15,100,red yellow,kharif
SUNFLOWER SEED,2011,1269.23,1650,0.3,100,red yellow,kharif
SUNFLOWER SEED,2012,1760,2200,0.25,100,red yellow,kharif
SUNFLOWER SEED,2013,1785.71,2500,0.4,100,red yellow,kharif
SUNFLOWER SEED,2014,1923.07,2500,0.3,100,red yellow,kharif
SUNFLOWER SEED,2015,2000,2700,0.35,100,red yellow,kharif
SUNFLOWER SEED,2016,2165,3464,0.6,100,red yellow,kharif
SUNFLOWER SEED,2017,2541.66,3050,0.2,100,red yellow,kharif
SUNFLOWER SEED,2018,2719.2,3399,0.25,100,red yellow,kharif
SUNFLOWER SEED,2019,2968,3710,0.25,100,red yellow,kharif
SUNFLOWER SEED,2002,956,1195,0.25,100,red loamy,kharif
SUNFLOWER SEED,2003,1136.36,1250,0.1,100,red loamy,kharif
SUNFLOWER SEED,2004,1116.66,1340,0.2,100,red loamy,kharif
SUNFLOWER SEED,2005,1304.34,1500,0.15,100,red loamy,kharif
SUNFLOWER SEED,2006,1249.99,1500,0.2,100,red loamy,kharif
SUNFLOWER SEED,2007,1313.04,1510,0.15,100,red loamy,kharif
SUNFLOWER SEED,2008,1582.14,2215,0.4,100,red loamy,kharif
SUNFLOWER SEED,2009,1227.27,1350,0.1,100,red loamy,kharif
SUNFLOWER SEED,2010,1217.39,1400,0.15,100,red loamy,kharif
SUNFLOWER SEED,2011,1269.23,1650,0.3,100,red loamy,kharif
SUNFLOWER SEED,2012,1760,2200,0.25,100,red loamy,kharif
SUNFLOWER SEED,2013,1785.71,2500,0.4,100,red loamy,kharif
SUNFLOWER SEED,2014,1923.07,2500,0.3,100,red loamy,kharif
SUNFLOWER SEED,2015,2000,2700,0.35,100,red loamy,kharif
SUNFLOWER SEED,2016,2165,3464,0.6,100,red loamy,kharif
SUNFLOWER SEED,2017,2541.66,3050,0.2,100,red loamy,kharif
SUNFLOWER SEED,2018,2719.2,3399,0.25,100,red loamy,kharif
SUNFLOWER SEED,2019,2968,3710,0.25,100,red loamy,kharif
SUNFLOWER SEED,2002,956,1195,0.25,100,black,kharif
SUNFLOWER SEED,2003,1136.36,1250,0.1,100,black,kharif
SUNFLOWER SEED,2004,1116.66,1340,0.2,100,black,kharif
SUNFLOWER SEED,2005,1304.34,1500,0.15,100,black,kharif
SUNFLOWER SEED,2006,1249.99,1500,0.2,100,black,kharif
SUNFLOWER SEED,2007,1313.04,1510,0.15,100,black,kharif
SUNFLOWER SEED,2008,1582.14,2215,0.4,100,black,kharif
SUNFLOWER SEED,2009,1227.27,1350,0.1,100,black,kharif
SUNFLOWER SEED,2010,1217.39,1400,0.15,100,black,kharif
SUNFLOWER SEED,2011,1269.23,1650,0.3,100,black,kharif
SUNFLOWER SEED,2012,1760,2200,0.25,100,black,kharif
SUNFLOWER SEED,2013,1785.71,2500,0.4,100,black,kharif
SUNFLOWER SEED,2014,1923.07,2500,0.3,100,black,kharif
SUNFLOWER SEED,2015,2000,2700,0.35,100,black,kharif
SUNFLOWER SEED,2016,2165,3464,0.6,100,black,kharif
SUNFLOWER SEED,2017,2541.66,3050,0.2,100,black,kharif
SUNFLOWER SEED,2018,2719.2,3399,0.25,100,black,kharif
SUNFLOWER SEED,2019,2968,3710,0.25,100,black,kharif
SOYABEAN,2002,588.88,795,0.35,150,loamy,kharif
SOYABEAN,2003,672,840,0.25,150,loamy,kharif
SOYABEAN,2004,692.3,900,0.3,150,loamy,kharif
SOYABEAN,2005,666.66,900,0.35,150,loamy,kharif
SOYABEAN,2006,749.99,900,0.2,150,loamy,kharif
SOYABEAN,2007,699.99,910,0.3,150,loamy,kharif
SOYABEAN,2008,1080,1350,0.25,150,loamy,kharif
SOYABEAN,2009,1208.69,1390,0.15,150,loamy,kharif
SOYABEAN,2010,1066.66,1440,0.35,150,loamy,kharif
SOYABEAN,2011,1408.33,1690,0.2,150,loamy,kharif
SOYABEAN,2012,1659.25,2240,0.35,150,loamy,kharif
SOYABEAN,2013,2048,2560,0.25,150,loamy,kharif
SOYABEAN,2014,1969.2,2560,0.3,150,loamy,kharif
SOYABEAN,2015,1999.99,2600,0.3,150,loamy,kharif
SOYABEAN,2016,2134.61,2775,0.3,150,loamy,kharif
SOYABEAN,2017,2083.33,2500,0.2,150,loamy,kharif
SOYABEAN,2018,1629,2200,0.35,150,loamy,kharif
SOYABEAN,2019,1846,2400,0.3,150,loamy,kharif
SESAMUM,2002,1318.18,1450,0.1,120,red,kharif
SESAMUM,2003,1237.49,1485,0.2,120,red,kharif
SESAMUM,2004,1249.99,1500,0.2,120,red,kharif
SESAMUM,2005,1347.82,1550,0.15,120,red,kharif
SESAMUM,2006,1248,1560,0.25,120,red,kharif
SESAMUM,2007,1215.38,1580,0.3,120,red,kharif
SESAMUM,2008,2200,2750,0.25,120,red,kharif
SESAMUM,2009,1849.99,2405,0.3,120,red,kharif
SESAMUM,2010,1814.81,2450,0.35,120,red,kharif
SESAMUM,2011,2230.76,2900,0.3,120,red,kharif
SESAMUM,2012,2592.59,3500,0.35,120,red,kharif
SESAMUM,2013,2800,3500,0.25,120,red,kharif
SESAMUM,2014,2571.42,3600,0.4,120,red,kharif
SESAMUM,2015,2807.69,3650,0.3,120,red,kharif
SESAMUM,2016,2549.99,3825,0.5,120,red,kharif
SESAMUM,2017,3115.38,4050,0.3,120,red,kharif
SESAMUM,2018,4353.37,5877,0.35,120,red,kharif
SESAMUM,2019,3712.5,5940,0.6,120,red,kharif
PADDY,2020,0,0,0,120,red yellow,kharif
PADDY,2020,0,0,0,120,alluvium,kharif
PADDY,2020,0,0,0,120,red loamy,kharif
PADDY,2020,0,0,0,120,red sandy,kharif
JOWAR,2020,0,0,0,70,loamy,kharif
JOWAR,2020,0,0,0,70,sandy,kharif
BAJRA,2020,0,0,0,100,red,kharif
MAIZE,2020,0,0,0,100,loamy,kharif
MAIZE,2020,0,0,0,100,sandy,kharif
RAGI,2020,0,0,0,120,loamy,kharif
ARHAR,2020,0,0,0,280,alluvium,kharif
MOONG,2020,0,0,0,75,loamy,kharif
MOONG,2020,0,0,0,75,sandy,kharif
URAD,2020,0,0,0,120,loamy,kharif
URAD,2020,0,0,0,120,sandy,kharif
COTTON,2020,0,0,0,240,alluvium,kharif
COTTON,2020,0,0,0,240,loamy,kharif
COTTON,2020,0,0,0,240,sandy,kharif
SUNFLOWER SEED,2020,0,0,0,100,alluvium,kharif
SUNFLOWER SEED,2020,0,0,0,100,red loamy,kharif
SUNFLOWER SEED,2020,0,0,0,100,red yellow,kharif
SUNFLOWER SEED,2020,0,0,0,100,red sandy,kharif
SUNFLOWER SEED,2020,0,0,0,100,black,kharif
SOYABEAN,2020,0,0,0,150,loamy,kharif
SESAMUM,2020,0,0,0,120,red,kharif
WHEAT,2020,0,0,0,165,loamy,rabi
BARLEY,2020,0,0,0,70,loamy,rabi
BARLEY,2020,0,0,0,70,sandy,rabi
BARLEY,2020,0,0,0,70,black,rabi
GRAM,2020,0,0,0,120,loamy,rabi
GRAM,2020,0,0,0,120,sandy,rabi
GRAM,2020,0,0,0,120,black,rabi
MASUR,2020,0,0,0,135,loamy,rabi
MUSTARD,2020,0,0,0,95,loamy,rabi
MUSTARD,2020,0,0,0,95,alluvium,rabi
SAFFLOWER,2020,0,0,0,42,red,rabi
SUGARCANE ,2020,0,0,0,520,alluvium,rabi
SUGARCANE ,2020,0,0,0,520,red loamy,rabi
SUGARCANE ,2020,0,0,0,520,red sandy,rabi
SUGARCANE ,2020,0,0,0,520,red yellow,rabi
SUGARCANE ,2020,0,0,0,520,black,rabi
